"Time","X-Axis Acceleration","Y-Axis Acceleration","Z-Axis Acceleration"
0.0000,-3.24,5.88,8.04
0.0125,-2.29,5.57,7.92
0.0250,-2.32,7.03,7.70
0.0375,-2.85,8.04,8.01
0.0500,-2.77,8.82,8.01
0.0625,-2.29,9.02,7.95
0.0750,-1.98,8.65,7.95
0.0875,-1.84,8.04,8.09
0.1000,-1.93,8.06,8.15
0.1125,-2.04,8.68,7.92
0.1250,-1.90,8.96,7.81
0.1375,-1.45,9.04,7.70
0.1500,-1.17,9.21,7.67
0.1625,-1.09,9.38,7.53
0.1750,-0.98,9.38,7.36
0.1875,-1.00,9.27,7.28
0.2000,-1.03,9.30,7.20
0.2125,-0.92,9.32,7.17
0.2250,-0.86,9.21,7.11
0.2375,-0.92,9.16,6.94
0.2500,-0.92,9.21,6.92
0.2625,-0.98,9.16,6.86
0.2750,-1.00,8.99,6.78
0.2875,-1.12,9.07,6.69
0.3000,-1.45,9.27,6.50
0.3125,-1.65,9.38,6.52
0.3250,-1.51,9.44,6.50
0.3375,-1.62,9.21,6.50
0.3500,-1.62,8.88,6.47
0.3625,-1.45,8.71,6.47
0.3750,-1.34,8.74,6.50
0.3875,-1.31,8.76,6.41
0.4000,-1.23,8.68,6.19
0.4125,-1.76,8.26,6.36
0.4250,-1.14,7.42,6.38
0.4375,-0.78,7.45,6.41
0.4500,-0.84,7.98,6.47
0.4625,-0.86,8.20,6.78
0.4750,-0.22,7.84,7.08
0.4875,0.09,7.39,7.22
0.5000,-0.03,7.06,7.39
0.5125,-0.08,6.97,7.59
0.5250,0.09,7.08,7.48
0.5375,0.34,7.28,7.42
0.5500,0.31,7.56,7.45
0.5625,0.31,7.64,7.53
0.5750,0.56,7.39,7.39
0.5875,0.53,6.80,7.31
0.6000,0.31,6.50,7.34
0.6125,0.06,6.64,7.42
0.6250,-0.17,7.08,7.59
0.6375,-0.58,7.95,7.67
0.6500,-0.98,8.29,7.84
0.6625,-0.78,8.06,8.06
0.6750,-0.56,7.90,8.18
0.6875,-0.67,7.95,8.18
0.7000,-0.92,8.09,8.23
0.7125,-1.14,8.46,8.29
0.7250,-1.14,9.02,8.34
0.7375,-1.06,9.24,8.43
0.7500,-0.92,8.90,8.65
0.7625,-0.86,8.62,8.62
0.7750,-1.03,8.37,8.76
0.7875,-1.48,8.18,8.96
0.8000,-1.96,7.81,9.10
0.8125,-1.96,7.22,9.18
0.8250,-1.79,7.11,9.32
0.8375,-1.56,6.94,9.60
0.8500,-1.45,6.94,9.77
0.8625,-1.06,7.03,9.69
0.8750,-0.53,7.00,9.80
0.8875,-0.08,7.28,9.77
0.9000,-0.19,7.64,9.83
0.9125,-0.50,7.59,9.94
0.9250,-0.75,7.11,10.05
0.9375,-0.84,6.47,9.97
0.9500,-1.03,6.08,9.97
0.9625,-1.06,5.94,9.86
0.9750,-1.09,5.96,9.77
0.9875,-1.14,5.88,9.83
1.0000,-1.12,5.91,9.74
1.0125,-1.17,6.22,9.55
1.0250,-1.03,6.50,9.21
1.0375,-0.98,6.75,9.04
1.0500,-1.00,6.89,8.68
1.0625,-1.20,6.72,8.37
1.0750,-1.28,6.52,8.15
1.0875,-1.37,6.30,7.90
1.1000,-1.48,6.30,7.76
1.1125,-1.48,6.52,7.64
1.1250,-1.54,6.61,7.62
1.1375,-1.48,6.69,7.62
1.1500,-1.23,6.75,7.53
1.1625,-1.14,6.89,7.45
1.1750,-1.26,7.06,7.36
1.1875,-1.26,7.34,7.48
1.2000,-1.42,7.56,7.50
1.2125,-1.54,7.53,7.48
1.2250,-1.65,7.64,7.39
1.2375,-1.84,7.98,7.45
1.2500,-2.04,8.40,7.39
1.2625,-2.32,8.99,7.42
1.2750,-2.71,9.38,7.39
1.2875,-2.99,9.41,7.36
1.3000,-3.02,9.41,7.34
1.3125,-2.94,9.55,7.42
1.3250,-3.02,9.86,7.34
1.3375,-3.19,10.30,7.42
1.3500,-3.47,10.64,7.31
1.3625,-3.61,10.64,7.11
1.3750,-3.80,10.44,6.89
1.3875,-3.92,10.22,6.72
1.4000,-3.69,9.74,6.55
1.4125,-3.10,9.32,6.22
1.4250,-2.52,9.16,5.99
1.4375,-2.07,9.55,5.94
1.4500,-1.96,10.19,5.85
1.4625,-2.24,10.67,5.80
1.4750,-2.66,10.86,5.77
1.4875,-3.22,10.75,5.63
1.5000,-3.41,10.33,5.49
1.5125,-3.50,9.91,5.18
1.5250,-3.72,9.66,5.01
1.5375,-3.78,9.44,4.96
1.5500,-3.66,9.16,4.65
1.5625,-3.52,8.99,4.62
1.5750,-3.30,8.93,4.73
1.5875,-3.10,8.90,4.73
1.6000,-2.94,8.76,4.85
1.6125,-2.85,8.54,5.01
1.6250,-2.91,8.34,5.24
1.6375,-2.77,8.23,5.35
1.6500,-2.54,8.26,5.49
1.6625,-2.43,8.88,5.60
1.6750,-2.80,9.24,5.68
1.6875,-3.13,9.10,5.77
1.7000,-3.38,8.76,5.82
1.7125,-3.44,8.23,6.22
1.7250,-3.13,8.34,6.55
1.7375,-2.94,9.55,6.78
1.7500,-3.55,11.00,7.08
1.7625,-4.81,11.65,7.11
1.7750,-4.81,10.78,7.06
1.7875,-4.03,9.16,7.17
1.8000,-3.75,7.78,7.34
1.8125,-3.02,7.14,7.20
1.8250,-2.01,6.86,7.25
1.8375,-0.72,6.64,7.17
1.8500,-0.17,6.86,7.22
1.8625,-0.42,6.83,7.56
1.8750,-1.17,6.86,8.23
1.8875,-1.54,7.11,8.68
1.9000,-2.01,7.03,8.82
1.9125,-2.88,6.94,8.96
1.9250,-3.19,6.66,9.04
1.9375,-2.80,6.08,9.32
1.9500,-2.82,6.05,9.44
1.9625,-3.27,5.99,9.66
1.9750,-3.08,5.68,9.69
1.9875,-2.63,5.43,9.38
2.0000,-2.38,5.63,9.35
2.0125,-2.46,6.16,9.66
2.0250,-2.63,6.44,9.55
2.0375,-2.32,6.30,9.41
2.0500,-1.68,5.82,9.18
2.0625,-1.40,5.46,8.93
2.0750,-1.70,5.74,8.74
2.0875,-1.84,6.16,8.62
2.1000,-1.70,6.38,8.51
2.1125,-1.51,6.47,8.43
2.1250,-1.34,6.36,8.15
2.1375,-1.51,6.22,8.15
2.1500,-1.28,6.33,7.84
2.1625,-1.54,6.78,7.64
2.1750,-1.93,7.03,7.62
2.1875,-2.43,7.03,7.62
2.2000,-2.71,7.08,7.76
2.2125,-3.19,7.34,8.01
2.2250,-3.86,7.34,8.04
2.2375,-4.22,7.08,8.04
2.2500,-4.14,6.86,7.95
2.2625,-4.17,7.06,7.87
2.2750,-4.31,7.45,7.87
2.2875,-4.31,7.87,7.81
2.3000,-4.14,7.67,7.64
2.3125,-3.83,7.08,7.70
2.3250,-3.58,6.64,7.67
2.3375,-3.41,6.55,7.59
2.3500,-3.22,6.58,7.64
2.3625,-3.05,6.86,7.59
2.3750,-2.88,7.17,7.56
2.3875,-2.91,7.48,7.59
2.4000,-3.19,7.62,7.70
2.4125,-3.52,7.50,7.84
2.4250,-3.72,7.20,8.12
2.4375,-3.75,6.94,8.23
2.4500,-3.64,7.03,8.26
2.4625,-3.36,7.34,8.26
2.4750,-3.16,7.62,8.29
2.4875,-2.82,7.76,8.40
2.5000,-2.46,8.04,8.12
2.5125,-3.27,8.09,8.12
2.5250,-2.96,7.84,7.98
2.5375,-2.40,7.28,7.95
2.5500,-2.54,7.53,7.78
2.5625,-2.91,8.26,7.73
2.5750,-2.96,8.62,7.56
2.5875,-2.88,8.48,7.56
2.6000,-2.68,8.20,7.56
2.6125,-2.71,7.87,7.53
2.6250,-2.91,7.70,7.50
2.6375,-2.94,7.56,7.42
2.6500,-2.85,7.59,7.42
2.6625,-2.82,7.78,7.34
2.6750,-2.82,7.98,7.36
2.6875,-2.80,8.15,7.34
2.7000,-2.74,8.06,7.22
2.7125,-2.66,7.90,7.31
2.7250,-2.66,7.67,7.31
2.7375,-2.77,7.70,7.28
2.7500,-2.91,7.95,7.28
2.7625,-2.94,8.23,7.34
2.7750,-2.96,8.32,7.36
2.7875,-2.99,8.26,7.31
2.8000,-2.96,8.15,7.28
2.8125,-3.02,8.04,7.31
2.8250,-2.99,7.92,7.22
2.8375,-2.99,7.92,7.20
2.8500,-3.08,8.06,7.17
2.8625,-3.19,8.18,7.22
2.8750,-3.27,8.09,7.17
2.8875,-3.22,7.98,7.20
2.9000,-3.19,7.87,7.25
2.9125,-3.19,7.87,7.17
2.9250,-3.16,7.76,7.22
2.9375,-3.27,7.78,7.14
2.9500,-3.27,7.84,7.11
2.9625,-3.24,7.92,7.11
2.9750,-3.22,7.92,7.14
2.9875,-3.27,7.87,7.08
3.0000,-3.36,7.78,7.06
3.0125,-3.30,7.73,7.03
3.0250,-3.19,7.64,6.97
3.0375,-3.10,7.62,6.92
3.0500,-2.99,7.62,6.83
3.0625,-3.02,7.76,6.75
3.0750,-3.02,7.78,6.64
3.0875,-2.99,7.62,6.50
3.1000,-2.91,7.36,6.19
3.1125,-2.71,7.11,5.82
3.1250,-2.43,7.14,5.52
3.1375,-2.29,7.50,5.32
3.1500,-2.54,7.98,5.27
3.1625,-2.99,8.12,5.10
3.1750,-3.33,7.64,4.87
3.1875,-3.44,6.86,4.71
3.2000,-3.41,6.19,4.51
3.2125,-3.36,5.55,4.26
3.2250,-3.30,5.07,3.92
3.2375,-2.99,4.34,3.59
3.2500,-2.52,3.47,3.17
3.2625,-2.07,2.77,2.83
3.2750,-1.65,2.30,2.52
3.2875,-1.42,2.38,2.49
3.3000,-1.26,2.75,2.61
3.3125,-1.17,3.47,3.03
3.3250,-1.26,4.59,3.61
3.3375,-1.37,5.88,4.31
3.3500,-1.68,7.36,5.01
3.3625,-2.26,8.93,5.71
3.3750,-3.38,10.50,6.69
3.3875,-5.06,12.46,8.06
3.4000,-7.81,14.39,9.80
3.4125,-11.56,17.02,12.07
3.4250,-15.81,20.02,14.00
3.4375,-18.36,22.54,15.20
3.4500,-18.53,23.99,16.74
3.4625,-18.22,25.33,18.00
3.4750,-17.74,26.17,18.48
3.4875,-16.79,27.01,18.36
3.5000,-15.90,27.57,17.58
3.5125,-15.00,26.57,16.15
3.5250,-13.71,23.91,14.25
3.5375,-12.20,20.44,12.04
3.5500,-10.19,17.16,9.94
3.5625,-7.39,13.69,8.06
3.5750,-4.95,9.80,5.94
3.5875,-2.54,5.71,3.75
3.6000,-0.03,1.93,1.54
3.6125,2.35,-1.42,-0.17
3.6250,4.17,-3.80,-1.20
3.6375,5.13,-4.14,-1.09
3.6500,5.18,-2.54,-0.70
3.6625,4.68,-0.70,-0.30
3.6750,3.73,0.53,-0.08
3.6875,2.91,0.90,0.09
3.7000,2.13,0.87,0.34
3.7125,1.51,0.79,0.39
3.7250,0.76,0.51,0.56
3.7375,-0.03,0.37,0.70
3.7500,-0.70,0.48,0.76
3.7625,-0.95,0.59,1.15
3.7750,-0.75,0.62,1.65
3.7875,-0.44,0.84,1.85
3.8000,-0.22,1.21,2.10
3.8125,0.11,1.21,1.93
3.8250,0.34,1.09,1.93
3.8375,0.45,1.09,1.82
3.8500,0.51,0.98,1.60
3.8625,0.65,0.98,1.54
3.8750,0.81,1.01,1.49
3.8875,0.87,0.95,1.37
3.9000,0.81,1.07,1.35
3.9125,0.95,0.79,1.21
3.9250,1.04,0.51,1.09
3.9375,1.09,0.59,1.04
3.9500,1.07,0.45,0.73
3.9625,1.04,0.39,0.59
3.9750,1.18,0.76,0.59
3.9875,1.15,1.63,0.84
4.0000,1.07,2.61,1.54
4.0125,1.63,4.51,3.36
4.0250,2.21,8.46,6.27
4.0375,1.43,14.31,9.30
4.0500,-1.98,20.21,11.23
4.0625,-5.74,22.59,12.93
4.0750,-9.65,22.51,16.10
4.0875,-13.04,23.26,17.41
4.1000,-15.45,23.88,17.22
4.1125,-16.51,24.35,16.91
4.1250,-16.48,22.87,16.43
4.1375,-14.64,21.39,15.68
4.1500,-12.59,20.58,15.40
4.1625,-11.19,20.02,15.09
4.1750,-9.96,19.18,14.45
4.1875,-8.45,17.50,13.52
4.2000,-6.74,15.20,12.32
4.2125,-5.34,13.07,11.12
4.2250,-4.25,11.39,10.11
4.2375,-3.27,10.19,9.24
4.2500,-2.35,9.49,8.51
4.2625,-1.90,9.10,7.87
4.2750,-1.70,8.74,7.20
4.2875,-1.62,8.15,6.55
4.3000,-1.73,7.17,5.94
4.3125,-1.76,6.69,5.21
4.3250,-1.82,6.05,4.79
4.3375,-2.04,5.71,4.20
4.3500,-2.07,5.18,3.73
4.3625,-2.04,4.54,3.45
4.3750,-1.84,4.03,3.22
4.3875,-1.62,3.78,2.97
4.4000,-1.42,3.81,2.69
4.4125,-1.23,4.09,2.63
4.4250,-1.20,4.17,2.49
4.4375,-1.20,4.15,2.41
4.4500,-1.09,4.06,2.47
4.4625,-0.95,4.09,2.63
4.4750,-1.17,4.34,2.86
4.4875,-1.54,4.90,3.25
4.5000,-1.96,5.91,3.75
4.5125,-2.29,6.97,4.57
4.5250,-2.82,7.67,5.43
4.5375,-3.78,8.09,6.13
4.5500,-4.62,8.68,6.75
4.5625,-5.34,9.30,7.48
4.5750,-5.82,9.63,8.18
4.5875,-5.99,9.66,8.68
4.6000,-6.35,9.55,9.04
4.6125,-6.38,9.32,9.32
4.6250,-6.18,9.52,9.38
4.6375,-6.18,9.83,9.55
4.6500,-6.13,9.60,9.38
4.6625,-6.04,8.79,9.30
4.6750,-5.82,7.90,8.99
4.6875,-5.23,7.28,8.71
4.7000,-4.48,6.92,8.46
4.7125,-3.75,6.66,7.95
4.7250,-3.33,6.69,7.56
4.7375,-3.05,6.44,7.20
4.7500,-2.74,6.10,6.94
4.7625,-2.57,6.24,6.92
4.7750,-2.40,6.66,6.94
4.7875,-2.63,7.08,6.97
4.8000,-3.08,7.25,6.69
4.8125,-3.19,6.33,6.58
4.8250,-3.05,5.43,6.47
4.8375,-2.88,4.57,6.64
4.8500,-2.40,4.90,6.61
4.8625,-2.32,6.33,6.86
4.8750,-2.71,7.28,7.11
4.8875,-3.52,8.01,7.28
4.9000,-3.75,7.31,7.11
4.9125,-3.36,6.52,7.31
4.9250,-3.33,6.89,7.53
4.9375,-3.36,7.53,7.56
4.9500,-3.50,9.02,7.34
4.9625,-3.66,9.07,7.70
4.9750,-3.61,7.76,7.48
4.9875,-3.41,6.78,7.56
5.0000,-3.66,6.97,7.67
5.0125,-4.11,7.92,7.73
5.0250,-4.34,8.96,8.01
5.0375,-4.20,9.35,7.98
5.0500,-4.00,8.40,7.98
5.0625,-3.69,7.36,7.81
5.0750,-4.14,7.00,7.45
5.0875,-4.90,7.22,7.17
5.1000,-4.28,6.83,7.22
5.1125,-3.94,5.99,7.08
5.1250,-4.08,6.50,7.06
5.1375,-3.94,7.53,7.08
5.1500,-3.30,8.29,6.97
5.1625,-2.68,7.45,6.83
5.1750,-2.66,6.05,6.61
5.1875,-3.36,6.38,6.41
5.2000,-3.61,7.39,6.47
5.2125,-4.17,8.12,6.41
5.2250,-5.04,8.62,6.55
5.2375,-5.46,8.51,6.86
5.2500,-5.40,8.09,6.75
5.2625,-4.73,7.22,6.58
5.2750,-4.03,7.00,6.64
5.2875,-4.34,7.92,6.38
5.3000,-4.62,8.34,6.33
5.3125,-4.76,7.95,6.44
5.3250,-4.90,7.67,6.66
5.3375,-5.37,7.67,6.78
5.3500,-5.48,7.81,6.86
5.3625,-5.04,7.48,6.80
5.3750,-4.87,7.25,6.80
5.3875,-4.81,7.17,7.03
5.4000,-4.73,7.45,7.14
5.4125,-4.84,7.62,7.36
5.4250,-4.53,7.11,7.53
5.4375,-4.08,6.75,7.64
5.4500,-3.72,6.64,7.73
5.4625,-3.55,6.16,7.84
5.4750,-3.66,6.13,7.98
5.4875,-3.72,6.22,8.20
5.5000,-3.72,5.88,8.57
5.5125,-3.50,5.77,8.79
5.5250,-3.47,5.82,9.02
5.5375,-3.55,6.19,9.24
5.5500,-3.38,6.41,9.35
5.5625,-3.13,6.41,9.46
5.5750,-2.96,6.47,9.38
5.5875,-3.08,6.75,9.30
5.6000,-2.96,7.03,9.04
5.6125,-2.35,6.38,8.99
5.6250,-1.90,5.80,8.82
5.6375,-1.70,5.49,8.71
5.6500,-2.01,5.74,8.68
5.6625,-2.12,6.05,8.62
5.6750,-1.68,6.61,8.51
5.6875,-2.04,6.36,8.54
5.7000,-1.82,4.79,8.48
5.7125,-1.26,3.61,8.29
5.7250,-2.24,4.51,8.34
5.7375,-3.02,6.50,8.40
5.7500,-3.08,7.14,8.40
5.7625,-2.91,6.89,8.48
5.7750,-2.80,7.08,8.48
5.7875,-2.63,7.31,8.37
5.8000,-2.46,7.14,8.29
5.8125,-2.91,6.97,8.18
5.8250,-3.55,7.03,8.32
5.8375,-3.80,7.62,8.29
5.8500,-3.83,8.32,8.20
5.8625,-3.83,8.62,8.12
5.8750,-3.66,8.09,7.87
5.8875,-3.24,7.17,7.84
5.9000,-2.57,6.61,7.53
5.9125,-2.43,7.22,6.94
5.9250,-2.71,8.51,6.92
5.9375,-2.96,9.60,6.89
5.9500,-3.27,9.97,7.00
5.9625,-3.19,9.32,6.86
5.9750,-3.13,8.51,6.72
5.9875,-3.10,8.43,6.38
6.0000,-3.38,8.62,6.05
6.0125,-3.33,9.16,5.91
6.0250,-3.33,9.60,5.74
6.0375,-3.27,9.41,5.63
6.0500,-3.08,9.07,5.52
6.0625,-3.05,8.74,5.43
6.0750,-3.13,8.68,5.38
6.0875,-3.44,8.96,5.32
6.1000,-3.72,9.38,5.18
6.1125,-3.89,9.35,5.10
6.1250,-3.80,9.24,4.96
6.1375,-3.94,9.21,4.87
6.1500,-4.06,8.85,4.71
6.1625,-4.00,8.48,4.51
6.1750,-4.00,8.46,4.45
6.1875,-3.80,8.74,4.17
6.2000,-3.58,8.88,4.01
6.2125,-3.38,8.88,3.89
6.2250,-3.08,9.04,3.87
6.2375,-2.94,9.32,3.75
6.2500,-2.60,9.66,3.61
6.2625,-2.29,10.28,3.53
6.2750,-2.01,10.39,3.42
6.2875,-2.01,9.94,3.31
6.3000,-2.21,9.69,3.17
6.3125,-2.10,9.74,3.03
6.3250,-1.96,10.11,3.11
6.3375,-1.96,10.64,3.17
6.3500,-2.60,11.00,3.00
6.3625,-3.36,10.84,2.66
6.3750,-4.39,10.89,2.38
6.3875,-5.76,11.34,1.99
6.4000,-6.94,11.51,1.63
6.4125,-8.95,11.06,1.15
6.4250,-10.86,10.39,0.79
6.4375,-12.70,10.30,0.20
6.4500,-13.96,9.86,-0.61
6.4625,-14.16,7.90,-1.42
6.4750,-16.06,6.05,-1.26
6.4875,-16.23,3.87,-1.00
6.5000,-16.01,2.24,-0.58
6.5125,-15.70,2.02,-0.11
6.5250,-15.00,2.61,0.98
6.5375,-14.58,4.03,2.02
6.5500,-14.41,5.27,2.55
6.5625,-14.24,6.10,2.91
6.5750,-14.30,6.52,3.19
6.5875,-14.19,7.31,3.87
6.6000,-13.57,8.23,4.48
6.6125,-12.82,8.74,4.85
6.6250,-11.72,9.41,5.04
6.6375,-10.89,10.02,4.76
6.6500,-10.10,11.09,4.87
6.6625,-9.04,11.73,4.71
6.6750,-8.25,12.04,4.71
6.6875,-7.27,12.21,4.76
6.7000,-6.41,12.12,4.51
6.7125,-5.74,11.70,4.45
6.7250,-4.81,11.79,4.23
6.7375,-4.08,11.87,4.23
6.7500,-3.61,11.93,4.26
6.7625,-3.10,12.01,4.37
6.7750,-2.66,11.93,4.37
6.7875,-2.82,11.31,4.01
6.8000,-2.40,9.69,3.47
6.8125,-2.26,7.70,3.22
6.8250,-1.82,7.62,3.00
6.8375,-1.34,6.69,3.36
6.8500,-1.31,6.64,2.83
6.8625,-1.26,6.47,2.55
6.8750,-1.76,6.13,2.35
6.8875,-2.71,4.62,2.44
6.9000,-3.38,2.91,2.77
6.9125,-3.69,2.47,3.14
6.9250,-3.75,3.25,3.39
6.9375,-3.83,2.61,3.56
6.9500,-3.61,0.79,3.78
6.9625,-3.75,0.17,4.12
6.9750,-3.80,0.31,4.85
6.9875,-4.70,0.09,5.74
7.0000,-5.18,-1.09,6.52
7.0125,-4.56,-2.10,7.25
7.0250,-4.62,-4.53,9.02
7.0375,-4.90,-5.40,12.96
7.0500,-5.76,-5.62,20.10
7.0625,-5.40,-5.23,30.65
7.0750,-3.61,-4.81,38.57
7.0875,-0.95,1.96,44.17
7.1000,-9.40,18.20,47.22
7.1125,-30.34,22.48,44.87
7.1250,-47.55,30.26,40.62
7.1375,-50.27,29.53,28.44
7.1500,-45.57,19.99,12.26
7.1625,-35.01,16.57,5.57
7.1750,-35.60,10.61,-6.24
7.1875,-39.04,11.67,-17.43
7.2000,-46.85,-5.57,-17.88
7.2125,-50.27,11.51,-22.61
7.2250,-35.94,19.26,-6.99
7.2375,-27.68,-2.85,12.01
7.2500,-50.21,-15.34,6.22
7.2625,-50.24,46.07,-18.53
7.2750,-50.24,59.23,-41.67
7.2875,-50.30,4.59,-31.26
7.3000,-48.73,-4.62,-11.59
7.3125,-27.96,40.20,-13.29
7.3250,-17.97,51.31,-19.56
7.3375,-12.90,48.06,-22.36
7.3500,-11.72,34.68,-13.80
7.3625,-7.22,31.52,-5.60
7.3750,-3.69,28.50,-1.03
7.3875,-4.64,28.41,-1.00
7.4000,-4.00,29.64,-2.71
7.4125,-2.63,27.88,-2.07
7.4250,-3.52,21.44,1.37
7.4375,-3.02,20.86,3.56
7.4500,-1.14,22.48,5.57
7.4625,-0.47,23.54,8.01
7.4750,-0.11,22.34,8.26
7.4875,-0.56,21.58,9.21
7.5000,-1.73,18.28,10.00
7.5125,-2.26,15.93,10.11
7.5250,-1.09,17.13,9.86
7.5375,-1.93,15.76,10.08
7.5500,-2.85,12.79,9.91
7.5625,-3.55,11.39,10.16
7.5750,-2.99,10.84,9.30
7.5875,-2.43,11.20,8.99
7.6000,-2.40,12.07,8.76
7.6125,-3.05,10.44,8.68
7.6250,-3.55,8.76,8.65
7.6375,-3.69,8.54,8.40
7.6500,-3.38,9.07,8.29
7.6625,-3.19,8.88,8.15
7.6750,-3.38,8.20,8.09
7.6875,-3.05,8.32,8.15
7.7000,-2.91,8.68,8.09
7.7125,-2.63,8.85,7.78
7.7250,-2.15,9.16,7.70
7.7375,-2.54,8.79,7.92
7.7500,-2.26,8.85,8.04
7.7625,-2.24,9.24,8.12
7.7750,-2.43,9.49,7.84
7.7875,-2.60,8.96,7.87
7.8000,-2.77,8.18,7.92
7.8125,-2.54,8.34,8.15
7.8250,-2.43,8.60,8.09
7.8375,-2.35,8.37,8.06
7.8500,-2.40,8.04,8.18
7.8625,-2.29,7.81,8.20
7.8750,-2.26,8.62,8.37
7.8875,-2.26,8.51,8.43
7.9000,-2.32,8.54,8.71
7.9125,-2.26,8.15,8.65
7.9250,-2.32,7.81,8.96
7.9375,-2.43,7.76,8.85
7.9500,-2.46,8.12,8.93
7.9625,-2.74,7.73,9.21
7.9750,-2.71,7.39,9.21
7.9875,-2.68,6.94,8.99
8.0000,-2.66,7.48,8.65
8.0125,-2.24,8.37,8.62
8.0250,-2.15,7.64,8.51
8.0375,-2.04,7.36,8.04
8.0500,-1.82,7.25,7.06
8.0625,-1.65,7.50,6.30
8.0750,-1.79,8.12,6.24
8.0875,-1.76,8.51,5.35
8.1000,-1.17,7.98,4.99
8.1125,-0.36,7.76,4.79
8.1250,0.20,7.42,4.51
8.1375,0.76,7.28,4.37
8.1500,0.98,7.06,4.51
8.1625,0.31,7.76,4.71
8.1750,-0.67,7.64,4.26
8.1875,-1.23,7.42,4.06
8.2000,-1.34,6.94,3.92
8.2125,-1.84,5.91,4.12
8.2250,-2.29,4.93,4.54
8.2375,-2.40,5.10,4.76
8.2500,-2.32,5.94,4.85
8.2625,-2.24,6.50,4.85
8.2750,-2.12,6.89,5.29
8.2875,-2.38,7.08,6.02
8.3000,-2.91,6.13,6.66
8.3125,-2.99,5.60,7.28
8.3250,-2.80,5.71,7.81
8.3375,-2.60,6.02,7.95
8.3500,-2.96,5.91,7.84
8.3625,-3.44,5.38,7.81
8.3750,-4.06,4.76,7.56
8.3875,-4.62,4.68,7.59
8.4000,-5.01,4.68,7.42
8.4125,-5.40,4.73,7.90
8.4250,-5.62,5.21,8.06
8.4375,-6.01,5.38,7.78
8.4500,-6.60,4.62,8.04
8.4625,-7.33,4.51,8.01
8.4750,-7.53,4.45,7.42
8.4875,-7.53,4.62,7.53
8.5000,-7.33,4.96,7.53
8.5125,-7.30,5.21,7.59
8.5250,-7.47,5.18,7.50
8.5375,-7.83,5.01,8.01
8.5500,-8.20,4.20,7.42
8.5625,-8.79,3.33,7.08
8.5750,-8.93,3.53,7.56
8.5875,-8.48,4.12,7.25
8.6000,-8.56,4.17,6.92
8.6125,-9.07,3.98,7.50
8.6250,-9.51,3.59,7.53
8.6375,-10.07,3.19,7.36
8.6500,-10.13,3.47,7.59
8.6625,-9.88,3.17,7.39
8.6750,-10.05,2.30,7.31
8.6875,-10.30,1.63,7.48
8.7000,-10.07,1.26,7.34
8.7125,-9.40,1.18,7.50
8.7250,-8.81,1.63,7.70
8.7375,-8.45,2.69,7.64
8.7500,-8.03,2.91,7.08
8.7625,-8.00,1.79,6.83
8.7750,-8.17,0.79,7.36
8.7875,-7.97,1.23,7.11
8.8000,-7.44,2.41,7.08
8.8125,-6.97,3.33,7.14
8.8250,-6.83,3.56,7.00
8.8375,-7.05,2.94,6.27
8.8500,-7.36,1.09,5.52
8.8625,-7.95,0.03,5.46
8.8750,-8.20,0.56,5.52
8.8875,-8.45,1.96,5.18
8.9000,-8.48,3.33,5.15
8.9125,-8.65,4.15,5.24
8.9250,-9.01,4.31,5.21
8.9375,-9.29,3.84,4.93
8.9500,-9.60,2.61,4.62
8.9625,-9.96,1.71,4.43
8.9750,-10.05,1.99,4.34
8.9875,-9.93,3.25,4.34
9.0000,-9.96,4.37,4.37
9.0125,-10.05,4.90,4.45
9.0250,-10.21,5.29,4.54
9.0375,-10.35,5.04,4.48
9.0500,-10.47,3.84,4.34
9.0625,-10.61,3.03,4.37
9.0750,-10.52,3.36,4.45
9.0875,-10.21,3.95,4.40
9.1000,-9.88,4.31,4.43
9.1125,-9.57,4.57,4.57
9.1250,-9.37,4.29,4.54
9.1375,-9.21,3.22,4.57
9.1500,-9.07,2.63,4.54
9.1625,-8.95,3.39,4.87
9.1750,-9.01,4.76,5.18
9.1875,-9.18,5.66,5.29
9.2000,-9.57,5.91,5.35
9.2125,-9.79,5.46,5.29
9.2250,-9.85,4.76,5.18
9.2375,-9.63,3.75,4.99
9.2500,-9.15,3.00,4.76
9.2625,-8.65,3.33,4.57
9.2750,-8.06,3.98,4.34
9.2875,-7.58,4.26,4.26
9.3000,-7.27,4.15,4.09
9.3125,-7.16,3.89,4.09
9.3250,-7.13,3.78,4.03
9.3375,-7.25,3.61,3.92
9.3500,-7.27,3.61,3.87
9.3625,-7.08,4.01,3.84
9.3750,-7.13,4.17,3.84
9.3875,-7.30,4.12,3.84
9.4000,-7.50,4.26,3.95
9.4125,-7.64,4.51,3.98
9.4250,-7.75,4.79,4.12
9.4375,-7.89,4.85,4.15
9.4500,-8.11,4.68,4.17
9.4625,-8.37,4.54,4.06
9.4750,-8.59,4.45,4.03
9.4875,-8.62,4.12,3.87
9.5000,-8.81,3.39,3.75
9.5125,-8.87,3.05,3.70
9.5250,-8.87,3.05,3.67
9.5375,-8.98,2.97,3.67
9.5500,-8.98,2.83,3.67
9.5625,-9.01,2.69,3.64
9.5750,-9.07,2.69,3.70
9.5875,-9.07,2.89,3.84
9.6000,-9.18,3.05,3.95
9.6125,-9.35,3.08,3.92
9.6250,-9.51,2.91,3.92
9.6375,-9.74,2.97,3.95
9.6500,-9.93,3.00,3.89
9.6625,-10.02,2.91,3.81
9.6750,-9.99,2.91,3.75
9.6875,-9.82,3.05,3.75
9.7000,-9.51,3.17,3.84
9.7125,-9.26,3.22,3.87
9.7250,-9.12,3.05,3.84
9.7375,-9.07,2.97,3.92
9.7500,-9.07,2.80,3.89
9.7625,-9.21,2.55,3.89
9.7750,-9.32,2.49,3.92
9.7875,-9.21,2.80,4.03
9.8000,-9.15,3.11,4.06
9.8125,-9.01,3.19,4.01
9.8250,-8.87,3.22,4.03
9.8375,-8.79,3.31,3.98
9.8500,-8.56,3.31,3.98
9.8625,-8.42,3.36,3.89
9.8750,-8.28,3.33,3.84
9.8875,-8.28,3.36,3.78
9.9000,-8.42,3.36,3.67
9.9125,-8.53,3.33,3.56
9.9250,-8.76,3.25,3.47
9.9375,-8.93,3.14,3.45
9.9500,-8.95,3.05,3.47
9.9625,-9.04,3.03,3.45
9.9750,-9.01,2.97,3.47
9.9875,-8.90,3.05,3.47
10.0000,-8.81,3.28,3.47
10.0125,-8.79,3.39,3.42
10.0250,-8.84,3.56,3.42
10.0375,-8.81,3.61,3.33
10.0500,-8.90,3.56,3.28
10.0625,-8.98,3.50,3.22
10.0750,-9.01,3.50,3.19
10.0875,-9.12,3.50,3.11
10.1000,-9.26,3.45,3.05
10.1125,-9.35,3.45,3.05
10.1250,-9.40,3.45,3.08
10.1375,-9.51,3.36,3.08
10.1500,-9.54,3.39,3.11
10.1625,-9.49,3.39,3.05
10.1750,-9.51,3.42,3.08
10.1875,-9.49,3.53,3.05
10.2000,-9.37,3.56,3.00
10.2125,-9.43,3.50,2.97
10.2250,-9.40,3.45,3.00
10.2375,-9.32,3.33,3.03
10.2500,-9.21,3.25,3.03
10.2625,-9.15,3.31,3.05
10.2750,-9.07,3.39,3.14
10.2875,-9.09,3.50,3.11
10.3000,-9.07,3.50,3.05
10.3125,-9.01,3.47,3.08
10.3250,-8.98,3.36,3.08
10.3375,-8.90,3.36,3.14
10.3500,-8.79,3.42,3.14
10.3625,-8.73,3.36,3.22
10.3750,-8.73,3.28,3.19
10.3875,-8.76,3.25,3.25
10.4000,-8.76,3.33,3.28
10.4125,-8.87,3.45,3.28
10.4250,-8.93,3.47,3.39
10.4375,-8.95,3.53,3.45
10.4500,-8.87,3.47,3.45
10.4625,-8.73,3.33,3.53
10.4750,-8.67,3.28,3.50
10.4875,-8.62,3.31,3.45
10.5000,-8.56,3.31,3.47
10.5125,-8.56,3.33,3.50
10.5250,-8.51,3.19,3.56
10.5375,-8.53,3.08,3.61
10.5500,-8.51,3.08,3.70
10.5625,-8.42,3.00,3.73
10.5750,-8.34,3.08,3.75
10.5875,-8.37,3.17,3.84
10.6000,-8.42,3.28,4.01
10.6125,-8.39,3.42,4.12
10.6250,-8.39,3.42,4.26
10.6375,-8.42,3.42,4.34
10.6500,-8.39,3.42,4.40
10.6625,-8.34,3.36,4.45
10.6750,-8.34,3.25,4.57
10.6875,-8.34,3.19,4.65
10.7000,-8.37,3.25,4.73
10.7125,-8.37,3.33,4.82
10.7250,-8.42,3.33,4.85
10.7375,-8.51,3.19,4.87
10.7500,-8.48,3.00,4.90
10.7625,-8.62,2.83,4.93
10.7750,-8.90,2.58,4.96
10.7875,-9.15,2.41,4.87
10.8000,-9.29,2.38,4.90
10.8125,-9.29,2.47,4.99
10.8250,-9.43,2.44,5.01
10.8375,-9.57,2.44,5.04
10.8500,-9.68,2.41,5.10
10.8625,-9.71,2.30,5.15
10.8750,-9.63,2.16,5.27
10.8875,-9.40,1.93,5.35
10.9000,-9.15,1.85,5.43
10.9125,-9.07,1.88,5.60
10.9250,-8.87,1.82,5.60
10.9375,-8.62,1.79,5.55
10.9500,-8.51,1.63,5.55
10.9625,-8.31,1.40,5.49
10.9750,-8.14,1.23,5.46
10.9875,-8.06,1.18,5.49
11.0000,-7.97,1.21,5.49
11.0125,-8.00,1.23,5.55
11.0250,-8.14,1.40,5.60
11.0375,-8.31,1.49,5.66
11.0500,-8.48,1.57,5.80
11.0625,-8.59,1.68,5.94
11.0750,-8.53,1.79,6.05
11.0875,-8.45,1.93,6.10
11.1000,-8.31,2.10,6.19
11.1125,-8.11,2.05,6.16
11.1250,-7.95,2.05,6.13
11.1375,-7.81,2.02,6.02
11.1500,-7.69,1.93,5.96
11.1625,-7.69,1.91,5.94
11.1750,-7.69,1.96,5.94
11.1875,-7.72,2.07,5.88
11.2000,-7.75,2.21,5.85
11.2125,-7.83,2.21,5.85
11.2250,-7.97,2.21,5.88
11.2375,-8.00,2.21,5.88
11.2500,-8.06,2.19,5.88
11.2625,-8.06,2.24,5.88
11.2750,-8.06,2.35,5.94
11.2875,-8.00,2.44,5.85
11.3000,-7.97,2.30,5.85
11.3125,-8.00,2.30,5.94
11.3250,-7.89,2.38,5.91
11.3375,-7.78,2.38,5.94
11.3500,-7.89,2.30,5.91
11.3625,-7.92,2.30,5.94
11.3750,-7.89,2.24,5.94
11.3875,-7.95,2.24,5.94
11.4000,-7.95,2.19,5.91
11.4125,-7.97,2.05,5.96
11.4250,-7.97,1.99,5.91
11.4375,-7.92,1.93,5.91
11.4500,-7.95,1.88,5.96
11.4625,-7.95,1.85,5.99
11.4750,-7.86,1.71,5.96
11.4875,-7.81,1.60,6.02
11.5000,-7.72,1.57,6.08
11.5125,-7.72,1.54,6.10
11.5250,-7.72,1.49,6.10
11.5375,-7.75,1.40,6.13
11.5500,-7.81,1.26,6.13
11.5625,-7.75,1.21,6.10
11.5750,-7.67,1.23,6.16
11.5875,-7.67,1.18,6.19
11.6000,-7.64,1.12,6.13
11.6125,-7.69,1.15,6.08
11.6250,-7.78,1.21,6.02
11.6375,-7.95,1.15,5.96
11.6500,-8.03,1.12,5.88
11.6625,-8.06,1.09,5.88
11.6750,-8.09,1.04,5.77
11.6875,-8.06,0.90,5.63
11.7000,-7.92,0.81,5.52
11.7125,-7.92,0.90,5.43
11.7250,-7.86,0.87,5.35
11.7375,-7.86,0.98,5.32
11.7500,-8.00,1.04,5.24
11.7625,-8.11,1.09,5.13
11.7750,-8.23,1.07,5.04
11.7875,-8.28,0.90,4.99
11.8000,-8.39,0.79,4.76
11.8125,-8.45,0.84,4.79
11.8250,-8.45,0.93,4.62
11.8375,-8.62,1.04,4.62
11.8500,-8.73,1.23,4.59
11.8625,-8.79,1.35,4.59
11.8750,-8.81,1.57,4.57
11.8875,-8.76,1.82,4.71
11.9000,-8.84,2.02,4.82
11.9125,-8.73,2.41,4.82
11.9250,-8.81,2.86,5.01
11.9375,-8.93,3.25,5.01
11.9500,-9.01,3.64,5.04
11.9625,-9.15,4.03,4.99
11.9750,-9.15,4.40,4.90
11.9875,-8.90,4.51,4.82
12.0000,-8.31,4.45,4.79
12.0125,-7.53,4.48,4.85
12.0250,-6.83,4.90,4.93
12.0375,-6.41,5.41,5.15
12.0500,-6.35,6.13,5.15
12.0625,-6.55,6.58,5.13
12.0750,-6.57,6.80,5.10
12.0875,-6.77,6.80,5.18
12.1000,-6.80,6.72,5.24
12.1125,-6.80,6.58,5.38
12.1250,-6.91,6.41,5.52
12.1375,-7.02,6.38,5.71
12.1500,-7.08,6.66,5.82
12.1625,-7.08,7.14,5.88
12.1750,-7.08,7.53,5.96
12.1875,-6.97,7.78,6.02
12.2000,-6.88,8.04,6.08
12.2125,-6.91,8.26,6.13
12.2250,-7.08,8.32,6.05
12.2375,-7.11,8.12,5.96
12.2500,-6.91,7.78,5.94
12.2625,-6.85,7.59,5.82
12.2750,-6.83,7.56,5.68
12.2875,-6.80,7.59,5.49
12.3000,-6.80,7.67,5.35
12.3125,-6.80,7.62,5.21
12.3250,-6.80,7.45,5.13
12.3375,-6.74,7.28,5.07
12.3500,-6.80,7.08,5.01
12.3625,-6.74,7.06,4.99
12.3750,-6.63,7.08,5.01
12.3875,-6.57,7.03,5.01
12.4000,-6.55,7.00,5.01
12.4125,-6.49,6.92,5.01
12.4250,-6.49,6.89,4.93
12.4375,-6.49,6.80,4.87
12.4500,-6.49,6.72,4.85
12.4625,-6.55,6.64,4.76
12.4750,-6.57,6.52,4.76
12.4875,-6.63,6.47,4.65
12.5000,-6.69,6.41,4.57
12.5125,-6.69,6.27,4.54
12.5250,-6.74,6.36,4.48
12.5375,-6.77,6.50,4.48
12.5500,-6.85,6.50,4.43
12.5625,-6.99,6.50,4.43
12.5750,-7.13,6.47,4.40
12.5875,-7.36,6.38,4.43
12.6000,-7.58,6.30,4.45
12.6125,-7.78,6.24,4.45
12.6250,-8.06,6.22,4.54
12.6375,-8.31,6.02,4.62
12.6500,-8.48,5.99,4.68
12.6625,-8.65,5.82,4.90
12.6750,-8.98,5.96,5.10
12.6875,-9.51,6.44,5.41
12.7000,-10.33,7.00,5.68
12.7125,-11.17,7.17,5.74
12.7250,-11.70,6.75,5.71
12.7375,-11.25,5.74,5.74
12.7500,-10.21,4.76,5.60
12.7625,-9.18,4.06,5.49
12.7750,-8.23,3.73,5.32
12.7875,-7.36,3.87,5.18
12.8000,-6.69,4.12,5.10
12.8125,-6.32,4.34,5.01
12.8250,-6.27,4.29,4.87
12.8375,-6.27,4.15,4.82
12.8500,-6.13,4.15,4.85
12.8625,-6.24,4.45,4.90
12.8750,-6.49,4.73,4.93
12.8875,-6.85,5.10,4.90
12.9000,-7.08,5.38,4.87
12.9125,-7.27,5.43,4.93
12.9250,-7.58,5.38,4.87
12.9375,-7.86,5.15,4.73
12.9500,-8.23,4.93,4.65
12.9625,-8.37,4.93,4.59
12.9750,-8.37,4.79,4.48
12.9875,-8.37,4.68,4.48
13.0000,-8.14,4.57,4.37
13.0125,-7.72,4.29,4.45
13.0250,-7.36,4.03,4.71
13.0375,-6.85,3.89,4.96
13.0500,-6.41,3.87,5.29
13.0625,-6.07,4.15,5.60
13.0750,-5.79,4.40,5.80
13.0875,-5.60,4.48,5.91
13.1000,-5.40,4.43,6.08
13.1125,-5.26,4.40,6.27
13.1250,-5.06,4.34,6.38
13.1375,-4.92,4.40,6.64
13.1500,-4.90,4.62,6.86
13.1625,-5.01,4.79,7.03
13.1750,-5.09,4.99,7.25
13.1875,-5.18,5.13,7.45
13.2000,-5.32,5.01,7.67
13.2125,-5.51,4.90,7.76
13.2250,-5.65,4.73,7.87
13.2375,-5.68,4.59,7.92
13.2500,-6.01,4.71,7.98
13.2625,-6.10,4.65,7.81
13.2750,-6.21,4.54,7.64
13.2875,-6.38,4.54,7.48
13.3000,-6.55,4.43,7.28
13.3125,-6.63,4.45,7.17
13.3250,-6.71,4.48,7.08
13.3375,-6.69,4.45,7.00
13.3500,-6.63,4.40,6.97
13.3625,-6.52,4.34,6.97
13.3750,-6.46,4.26,6.94
13.3875,-6.35,4.23,7.03
13.4000,-6.15,4.15,7.03
13.4125,-5.99,4.20,7.03
13.4250,-5.79,4.34,7.17
13.4375,-5.54,4.48,7.28
13.4500,-5.40,4.62,7.45
13.4625,-5.12,4.68,7.59
13.4750,-4.87,4.71,7.64
13.4875,-4.73,4.71,7.67
13.5000,-4.67,4.73,7.64
13.5125,-4.67,4.96,7.53
13.5250,-4.78,5.29,7.48
13.5375,-5.04,5.57,7.42
13.5500,-5.23,5.85,7.31
13.5625,-5.37,5.94,7.25
13.5750,-5.54,6.13,7.20
13.5875,-5.68,6.50,7.14
13.6000,-6.13,7.03,7.11
13.6125,-6.80,7.56,6.72
13.6250,-7.44,7.78,6.33
13.6375,-7.86,7.78,5.94
13.6500,-8.06,7.31,5.41
13.6625,-8.23,6.83,4.90
13.6750,-8.45,6.41,4.45
13.6875,-8.37,5.88,3.89
13.7000,-8.06,5.63,3.61
13.7125,-7.58,5.55,3.64
13.7250,-7.19,5.99,3.89
13.7375,-7.05,6.86,4.15
13.7500,-7.05,7.81,4.37
13.7625,-7.02,8.43,4.51
13.7750,-6.97,8.68,4.62
13.7875,-6.52,8.51,4.68
13.8000,-5.88,8.12,4.62
13.8125,-5.34,7.78,4.57
13.8250,-5.04,7.59,4.31
13.8375,-5.01,7.53,4.15
13.8500,-5.09,7.50,3.81
13.8625,-5.26,7.42,3.53
13.8750,-5.48,7.53,3.42
13.8875,-5.85,7.62,3.39
13.9000,-6.46,7.70,3.33
13.9125,-7.02,7.98,3.31
13.9250,-7.58,8.34,3.28
13.9375,-8.14,8.68,3.19
13.9500,-8.53,8.74,2.94
13.9625,-8.67,8.54,2.77
13.9750,-8.45,8.18,2.63
13.9875,-7.89,7.70,2.66
14.0000,-7.44,7.31,2.80
14.0125,-6.99,7.20,3.08
14.0250,-6.74,7.22,3.22
14.0375,-6.52,7.36,3.47
14.0500,-6.35,7.48,3.67
14.0625,-6.35,7.50,3.81
14.0750,-6.18,7.62,3.95
14.0875,-6.21,7.81,4.15
14.1000,-6.32,8.12,4.26
14.1125,-6.46,8.34,4.31
14.1250,-6.57,8.40,4.34
14.1375,-6.74,8.32,4.40
14.1500,-6.83,8.15,4.34
14.1625,-6.99,8.04,4.31
14.1750,-7.22,7.92,4.26
14.1875,-7.44,7.78,4.12
14.2000,-7.67,7.56,4.06
14.2125,-7.75,7.25,4.01
14.2250,-7.69,6.97,4.01
14.2375,-7.58,6.83,4.06
14.2500,-7.41,6.83,4.03
14.2625,-7.30,6.97,4.06
14.2750,-7.19,7.14,4.12
14.2875,-7.02,7.17,4.12
14.3000,-6.88,7.11,4.15
14.3125,-6.69,6.97,4.17
14.3250,-6.63,6.94,4.17
14.3375,-6.57,7.06,4.29
14.3500,-6.55,7.22,4.31
14.3625,-6.66,7.31,4.31
14.3750,-6.74,7.36,4.34
14.3875,-6.85,7.28,4.34
14.4000,-7.02,7.08,4.37
14.4125,-6.99,6.83,4.37
14.4250,-7.05,6.80,4.37
14.4375,-6.99,6.86,4.45
14.4500,-6.91,6.80,4.48
14.4625,-6.80,6.92,4.59
14.4750,-6.66,6.83,4.62
14.4875,-6.55,6.83,4.73
14.5000,-6.49,6.78,4.79
14.5125,-6.43,6.80,4.85
14.5250,-6.43,6.80,4.90
14.5375,-6.35,6.78,4.90
14.5500,-6.38,6.66,4.99
14.5625,-6.41,6.64,4.96
14.5750,-6.38,6.58,5.01
14.5875,-6.32,6.64,5.04
14.6000,-6.24,6.72,5.10
14.6125,-6.21,6.75,5.07
14.6250,-6.18,6.83,5.13
14.6375,-6.15,6.94,5.07
14.6500,-6.24,7.03,5.07
14.6625,-6.29,7.11,5.04
14.6750,-6.29,7.11,5.01
14.6875,-6.38,7.03,4.99
14.7000,-6.35,6.86,4.85
14.7125,-6.38,6.66,4.79
14.7250,-6.41,6.61,4.79
14.7375,-6.46,6.58,4.73
14.7500,-6.52,6.64,4.71
14.7625,-6.52,6.66,4.71
14.7750,-6.49,6.75,4.82
14.7875,-6.60,6.97,4.90
14.8000,-6.80,7.22,5.01
14.8125,-6.97,7.31,5.04
14.8250,-7.16,7.22,5.01
14.8375,-7.19,6.78,4.93
14.8500,-7.05,6.30,4.90
14.8625,-6.83,5.94,4.90
14.8750,-6.63,5.88,4.99
14.8875,-6.57,6.08,5.04
14.9000,-6.60,6.27,5.13
14.9125,-6.69,6.33,5.15
14.9250,-6.69,6.19,5.15
14.9375,-6.63,5.88,5.18
14.9500,-6.69,5.63,5.21
14.9625,-6.85,5.57,5.15
14.9750,-6.88,5.63,5.10
14.9875,-6.88,5.71,5.10
15.0000,-6.91,5.77,5.10
15.0125,-7.02,5.66,5.13
15.0250,-7.16,5.55,5.18
15.0375,-7.27,5.49,5.27
15.0500,-7.44,5.46,5.35
15.0625,-7.69,5.35,5.41
15.0750,-7.89,5.24,5.38
15.0875,-8.06,5.10,5.35
15.1000,-8.11,4.90,5.32
15.1125,-8.14,4.65,5.27
15.1250,-8.06,4.48,5.24
15.1375,-7.83,4.43,5.29
15.1500,-7.67,4.57,5.43
15.1625,-7.50,4.71,5.55
15.1750,-7.33,4.87,5.71
15.1875,-7.22,5.07,5.82
15.2000,-7.08,5.04,5.96
15.2125,-6.99,4.99,6.05
15.2250,-6.88,4.93,6.10
15.2375,-6.71,4.87,6.05
15.2500,-6.63,4.85,6.02
15.2625,-6.57,4.76,5.99
15.2750,-6.55,4.71,5.99
15.2875,-6.52,4.62,5.91
15.3000,-6.49,4.68,5.91
15.3125,-6.63,4.85,5.85
15.3250,-6.85,5.10,5.80
15.3375,-7.08,5.38,5.74
15.3500,-7.44,5.63,5.63
15.3625,-7.69,5.71,5.55
15.3750,-7.95,5.88,5.46
15.3875,-8.20,5.99,5.35
15.4000,-8.37,5.91,5.18
15.4125,-8.42,5.85,5.07
15.4250,-8.20,5.77,4.99
15.4375,-7.86,5.74,4.93
15.4500,-7.50,5.74,4.99
15.4625,-7.22,5.82,4.99
15.4750,-7.02,5.99,4.96
15.4875,-6.85,6.02,5.01
15.5000,-6.60,5.96,4.96
15.5125,-6.49,5.94,4.99
15.5250,-6.43,5.94,4.96
15.5375,-6.29,6.05,4.93
15.5500,-6.35,6.13,5.04
15.5625,-6.38,6.13,4.99
15.5750,-6.35,6.19,5.01
15.5875,-6.38,6.13,5.04
15.6000,-6.38,6.02,5.04
15.6125,-6.43,5.91,5.10
15.6250,-6.43,5.91,5.13
15.6375,-6.52,6.05,5.15
15.6500,-6.63,6.02,5.18
15.6625,-6.63,5.80,5.24
15.6750,-6.63,5.80,5.38
15.6875,-6.71,5.94,5.43
15.7000,-6.85,6.05,5.49
15.7125,-6.94,6.30,5.55
15.7250,-6.97,6.55,5.66
15.7375,-7.11,6.64,5.68
15.7500,-7.22,6.52,5.63
15.7625,-7.27,6.33,5.52
15.7750,-7.30,6.13,5.38
15.7875,-7.19,5.91,5.18
15.8000,-7.05,5.68,4.99
15.8125,-6.88,5.63,4.85
15.8250,-6.77,5.66,4.71
15.8375,-6.74,5.71,4.59
15.8500,-6.71,5.77,4.59
15.8625,-6.85,5.80,4.62
15.8750,-7.02,5.74,4.59
15.8875,-7.11,5.68,4.65
15.9000,-7.19,5.71,4.71
15.9125,-7.33,5.85,4.79
15.9250,-7.39,5.94,4.79
15.9375,-7.47,5.94,4.96
15.9500,-7.53,5.96,5.04
15.9625,-7.50,5.85,5.10
15.9750,-7.47,5.80,5.15
15.9875,-7.44,5.66,5.21
16.0000,-7.44,5.66,5.24
16.0125,-7.39,5.66,5.18
16.0250,-7.41,5.63,5.21
16.0375,-7.39,5.60,5.18
16.0500,-7.44,5.57,5.10
16.0625,-7.44,5.46,5.07
16.0750,-7.58,5.35,5.01
16.0875,-7.55,5.27,4.93
16.1000,-7.64,5.29,4.90
16.1125,-7.72,5.32,4.79
16.1250,-7.78,5.27,4.71
16.1375,-7.86,5.21,4.59
16.1500,-7.89,5.18,4.51
16.1625,-7.97,5.01,4.51
16.1750,-8.00,5.01,4.51
16.1875,-8.00,5.04,4.51
16.2000,-8.03,5.07,4.51
16.2125,-8.09,5.07,4.54
16.2250,-7.97,4.99,4.54
16.2375,-7.89,4.96,4.62
16.2500,-7.89,5.01,4.68
16.2625,-7.89,5.15,4.65
16.2750,-7.86,5.24,4.65
16.2875,-7.86,5.15,4.62
16.3000,-7.86,5.07,4.59
16.3125,-7.83,4.90,4.57
16.3250,-7.83,4.82,4.57
16.3375,-7.83,4.85,4.48
16.3500,-7.92,4.79,4.51
16.3625,-7.95,4.82,4.45
16.3750,-8.06,4.85,4.45
16.3875,-8.11,4.85,4.40
16.4000,-8.17,4.85,4.43
16.4125,-8.20,4.85,4.43
16.4250,-8.17,4.85,4.43
16.4375,-8.23,4.90,4.37
16.4500,-8.25,4.85,4.31
16.4625,-8.31,4.79,4.23
16.4750,-8.31,4.76,4.20
16.4875,-8.31,4.71,4.17
16.5000,-8.37,4.76,4.17
16.5125,-8.37,4.79,4.15
16.5250,-8.34,4.79,4.12
16.5375,-8.28,4.73,4.15
16.5500,-8.23,4.68,4.17
16.5625,-8.23,4.65,4.20
16.5750,-8.23,4.62,4.20
16.5875,-8.11,4.62,4.23
16.6000,-8.06,4.62,4.29
16.6125,-7.95,4.62,4.31
16.6250,-7.95,4.71,4.34
16.6375,-7.92,4.79,4.37
16.6500,-7.92,4.82,4.40
16.6625,-7.95,4.87,4.43
16.6750,-7.89,4.93,4.45
16.6875,-7.86,4.93,4.48
16.7000,-7.81,4.99,4.45
16.7125,-7.72,4.99,4.51
16.7250,-7.69,5.04,4.51
16.7375,-7.67,5.18,4.54
16.7500,-7.64,5.21,4.54
16.7625,-7.55,5.18,4.62
16.7750,-7.53,5.13,4.71
16.7875,-7.58,5.18,4.79
16.8000,-7.64,5.35,4.85
16.8125,-7.64,5.41,4.85
16.8250,-7.67,5.43,4.87
16.8375,-7.61,5.32,4.87
16.8500,-7.53,5.24,4.90
16.8625,-7.55,5.32,4.90
16.8750,-7.58,5.52,4.90
16.8875,-7.58,5.60,4.85
16.9000,-7.55,5.57,4.90
16.9125,-7.58,5.49,4.93
16.9250,-7.64,5.38,4.93
16.9375,-7.58,5.35,4.96
16.9500,-7.61,5.32,4.93
16.9625,-7.64,5.41,4.93
16.9750,-7.58,5.52,4.90
16.9875,-7.55,5.52,4.87
17.0000,-7.61,5.55,4.85
17.0125,-7.53,5.49,4.87
17.0250,-7.58,5.46,4.85
17.0375,-7.58,5.41,4.87
17.0500,-7.67,5.32,4.85
17.0625,-7.69,5.35,4.85
17.0750,-7.69,5.24,4.82
17.0875,-7.75,5.21,4.82
17.1000,-7.81,5.27,4.85
17.1125,-7.83,5.35,4.87
17.1250,-7.89,5.38,4.85
17.1375,-7.81,5.29,4.87
17.1500,-7.72,5.13,4.87
17.1625,-7.67,5.04,4.90
17.1750,-7.64,5.04,4.85
17.1875,-7.69,5.15,4.82
17.2000,-7.72,5.21,4.79
17.2125,-7.78,5.15,4.79
17.2250,-7.81,5.10,4.79
17.2375,-7.81,5.07,4.79
17.2500,-7.75,5.01,4.76
17.2625,-7.72,5.04,4.82
17.2750,-7.67,5.04,4.85
17.2875,-7.69,5.10,4.87
17.3000,-7.67,5.13,4.85
17.3125,-7.69,5.13,4.87
17.3250,-7.75,5.10,4.87
17.3375,-7.86,5.13,4.85
17.3500,-7.95,5.13,4.85
17.3625,-8.06,5.07,4.85
17.3750,-8.06,4.90,4.82
17.3875,-8.00,4.79,4.76
17.4000,-7.95,4.82,4.79
17.4125,-7.95,4.87,4.76
17.4250,-7.92,4.99,4.79
17.4375,-7.86,5.07,4.76
17.4500,-7.86,5.04,4.73
17.4625,-7.75,4.87,4.76
17.4750,-7.67,4.82,4.76
17.4875,-7.61,4.90,4.82
17.5000,-7.50,5.01,4.73
17.5125,-7.47,5.15,4.76
17.5250,-7.50,5.15,4.76
17.5375,-7.53,5.15,4.76
17.5500,-7.53,5.07,4.76
17.5625,-7.61,5.07,4.79
17.5750,-7.72,5.01,4.71
17.5875,-7.81,5.07,4.68
17.6000,-7.81,5.04,4.65
17.6125,-7.81,4.96,4.59
17.6250,-7.81,4.96,4.59
17.6375,-7.75,4.96,4.65
17.6500,-7.81,5.07,4.65
17.6625,-7.81,5.10,4.68
17.6750,-7.78,5.10,4.65
17.6875,-7.75,5.04,4.65
17.7000,-7.75,5.04,4.65
17.7125,-7.75,5.10,4.65
17.7250,-7.75,5.18,4.68
17.7375,-7.78,5.15,4.65
17.7500,-7.69,5.04,4.76
17.7625,-7.67,5.07,4.85
17.7750,-7.72,5.18,4.79
17.7875,-7.75,5.21,4.76
17.8000,-7.67,5.15,4.73
17.8125,-7.67,5.10,4.71
17.8250,-7.78,5.07,4.68
17.8375,-7.89,5.07,4.62
17.8500,-7.95,5.04,4.57
17.8625,-7.95,4.99,4.57
17.8750,-7.89,4.93,4.62
17.8875,-7.89,5.01,4.65
17.9000,-7.86,5.07,4.68
17.9125,-7.86,5.13,4.68
17.9250,-7.81,5.07,4.68
17.9375,-7.72,4.96,4.68
17.9500,-7.64,4.96,4.73
17.9625,-7.61,5.07,4.79
17.9750,-7.72,5.21,4.76
17.9875,-7.86,5.35,4.76
18.0000,-7.92,5.29,4.73
18.0125,-8.00,5.10,4.71
18.0250,-7.97,4.90,4.73
18.0375,-7.97,4.96,4.76
18.0500,-8.03,5.07,4.73
18.0625,-8.00,5.01,4.71
18.0750,-7.92,4.87,4.65
18.0875,-7.86,4.76,4.68
18.1000,-7.81,4.76,4.68
18.1125,-7.78,5.01,4.65
18.1250,-7.69,5.07,4.68
18.1375,-7.61,5.10,4.73
18.1500,-7.64,5.10,4.85
18.1625,-7.53,5.07,4.85
18.1750,-7.50,5.10,4.82
18.1875,-7.50,5.15,4.87
18.2000,-7.50,5.21,4.87
18.2125,-7.55,5.29,4.82
18.2250,-7.64,5.27,4.79
18.2375,-7.83,5.21,4.76
18.2500,-7.97,5.15,4.71
18.2625,-7.97,5.04,4.68
18.2750,-8.03,5.04,4.71
18.2875,-8.03,5.01,4.68
18.3000,-8.00,4.93,4.65
18.3125,-7.89,4.93,4.68
18.3250,-7.81,5.01,4.73
18.3375,-7.81,5.04,4.79
18.3500,-7.78,5.13,4.79
18.3625,-7.75,5.18,4.76
18.3750,-7.69,5.13,4.79
18.3875,-7.61,5.10,4.76
18.4000,-7.53,5.10,4.76
18.4125,-7.53,5.15,4.71
18.4250,-7.53,5.15,4.71
18.4375,-7.64,5.15,4.71
18.4500,-7.67,5.10,4.73
18.4625,-7.72,5.04,4.71
18.4750,-7.78,5.07,4.71
18.4875,-7.81,5.07,4.71
18.5000,-7.81,5.07,4.71
18.5125,-7.75,5.07,4.73
18.5250,-7.75,5.07,4.71
18.5375,-7.81,5.07,4.68
18.5500,-7.83,5.01,4.65
18.5625,-7.83,5.04,4.62
18.5750,-7.86,5.04,4.62
18.5875,-7.86,4.99,4.62
18.6000,-7.83,4.99,4.65
18.6125,-7.86,4.99,4.68
18.6250,-7.81,4.96,4.71
18.6375,-7.81,4.93,4.73
18.6500,-7.83,4.90,4.71
18.6625,-7.92,4.93,4.73
18.6750,-8.03,5.01,4.71
18.6875,-8.09,5.01,4.65
18.7000,-8.25,4.90,4.59
18.7125,-8.28,4.73,4.51
18.7250,-8.31,4.62,4.51
18.7375,-8.28,4.71,4.51
18.7500,-8.14,4.79,4.57
18.7625,-7.83,4.82,4.73
18.7750,-7.67,4.99,4.90
18.7875,-7.64,5.07,4.93
18.8000,-7.58,5.10,4.93
18.8125,-7.44,5.13,4.90
18.8250,-7.39,5.15,4.87
18.8375,-7.41,5.29,4.87
18.8500,-7.47,5.29,4.71
18.8625,-7.53,5.21,4.65
18.8750,-7.55,5.13,4.65
18.8875,-7.55,5.07,4.62
18.9000,-7.58,5.07,4.62
18.9125,-7.61,5.13,4.68
18.9250,-7.72,5.27,4.68
18.9375,-7.78,5.35,4.71
18.9500,-7.83,5.35,4.68
18.9625,-7.86,5.32,4.65
18.9750,-7.95,5.29,4.59
18.9875,-8.06,5.21,4.48
19.0000,-8.11,5.10,4.45
19.0125,-8.06,5.01,4.45
19.0250,-7.92,5.07,4.57
19.0375,-7.81,5.32,4.68
19.0500,-7.67,5.46,4.79
19.0625,-7.55,5.43,4.90
19.0750,-7.47,5.27,4.93
19.0875,-7.33,5.18,4.90
19.1000,-7.33,5.24,4.93
19.1125,-7.39,5.38,4.90
19.1250,-7.55,5.41,4.85
19.1375,-7.81,5.29,4.76
19.1500,-8.03,4.96,4.68
19.1625,-8.20,4.71,4.62
19.1750,-8.34,4.62,4.59
19.1875,-8.39,4.73,4.59
19.2000,-8.34,4.90,4.62
19.2125,-8.23,4.87,4.65
19.2250,-8.03,4.96,4.76
19.2375,-7.81,5.07,4.90
19.2500,-7.64,5.15,5.01
19.2625,-7.53,5.21,5.07
19.2750,-7.36,5.27,5.01
19.2875,-7.22,5.24,4.90
19.3000,-7.19,5.24,4.82
19.3125,-7.22,5.24,4.76
19.3250,-7.36,5.15,4.65
19.3375,-7.53,5.04,4.57
19.3500,-7.64,4.87,4.51
19.3625,-7.69,4.76,4.48
19.3750,-7.81,4.82,4.51
19.3875,-7.97,4.99,4.51
19.4000,-8.11,5.13,4.54
19.4125,-8.31,5.04,4.57
19.4250,-8.37,4.90,4.59
19.4375,-8.42,4.71,4.57
19.4500,-8.42,4.57,4.51
19.4625,-8.37,4.62,4.57
19.4750,-8.17,4.65,4.51
19.4875,-7.97,4.65,4.54
19.5000,-7.86,4.76,4.59
19.5125,-7.72,4.93,4.68
19.5250,-7.58,5.13,4.73
19.5375,-7.53,5.24,4.71
19.5500,-7.44,5.24,4.73
19.5625,-7.39,5.21,4.71
19.5750,-7.30,5.13,4.65
19.5875,-7.33,5.01,4.62
19.6000,-7.44,5.07,4.62
19.6125,-7.53,5.10,4.57
19.6250,-7.67,5.01,4.59
19.6375,-7.78,5.01,4.62
19.6500,-7.83,4.96,4.65
19.6625,-8.00,4.93,4.65
19.6750,-8.06,4.93,4.68
19.6875,-8.17,4.90,4.62
19.7000,-8.25,4.85,4.62
19.7125,-8.25,4.79,4.65
19.7250,-8.28,4.73,4.65
19.7375,-8.17,4.79,4.65
19.7500,-8.11,4.82,4.68
19.7625,-7.95,4.87,4.73
19.7750,-7.81,4.96,4.76
19.7875,-7.69,5.01,4.73
19.8000,-7.58,5.01,4.76
19.8125,-7.53,5.04,4.76
19.8250,-7.50,5.10,4.79
19.8375,-7.55,5.13,4.76
19.8500,-7.58,5.07,4.73
19.8625,-7.61,5.04,4.73
19.8750,-7.64,5.04,4.71
19.8875,-7.72,4.99,4.71
19.9000,-7.86,4.99,4.68
19.9125,-7.89,4.93,4.71
19.9250,-7.97,4.85,4.73
19.9375,-7.95,4.76,4.73
19.9500,-8.00,4.85,4.73
19.9625,-8.09,4.93,4.68
19.9750,-8.17,4.90,4.62
19.9875,-8.20,4.82,4.59
20.0000,-8.06,4.68,4.59
